date_course,numero_reunion,numero_course,hippodrome,nom_prix,heure,heure_depart_ms,type_depart,distance_m,numero,cheval,sexe,age,driver,entraineur,ferrure,distance_partant_m,recul_m,gains_carriere_eur,musique,cote_depart,cote_finale,p_top3,premier_d4,premier_dp,premier_da
2026-07-14,2,1,LANGON-LIBOURNE,PRIX CHATEAU CAMUS,09:15,1784013300000,VOLTE,2800,1,NOVA MIX,F,3,M.X. CHARLOT,M.X. CHARLOT,FERRE,2800,0,4000.0,3aDa4a,,,0.1265816065453198,0,0,0
2026-07-14,2,1,LANGON-LIBOURNE,PRIX CHATEAU CAMUS,09:15,1784013300000,VOLTE,2800,2,NUAGE DE MONTCEAU,M,3,F. CLOZIER,A. RIEUPEYROUX,FERRE,2800,0,4915.0,4aDa7a7a(25)Da2a,,,0.07131321837331088,0,0,0
2026-07-14,2,1,LANGON-LIBOURNE,PRIX CHATEAU CAMUS,09:15,1784013300000,VOLTE,2800,3,NOBODY CASH,H,3,TH. PRUDHON,E. PRUDHON,FERRE,2800,0,5200.0,2a6aDaDaDa4aDa,,,0.27738415688990414,0,0,0
2026-07-14,2,1,LANGON-LIBOURNE,PRIX CHATEAU CAMUS,09:15,1784013300000,VOLTE,2800,4,NUTSY DU COQ,F,3,Mlle P. BELUZE,Mlle P. BELUZE,PA,2800,0,6050.0,2aDaDa4aDaDa6a5a,,,0.08591044882859061,0,0,0
2026-07-14,2,1,LANGON-LIBOURNE,PRIX CHATEAU CAMUS,09:15,1784013300000,VOLTE,2800,5,NOZELENN D'AVEL,F,3,TH. DUCOS,F. TERRY,FERRE,2800,0,6550.0,1a6a,,,0.1955855205468803,0,0,0
2026-07-14,2,1,LANGON-LIBOURNE,PRIX CHATEAU CAMUS,09:15,1784013300000,VOLTE,2800,6,NOLAN QUESNOT,M,3,N. PACHA,Nils PACHA,FERRE,2800,0,6600.0,DaDaDa5aDa(25)1a8aDa,,,0.08163561587005237,0,0,0
2026-07-14,2,1,LANGON-LIBOURNE,PRIX CHATEAU CAMUS,09:15,1784013300000,VOLTE,2800,7,NUWA DU PATURAL,F,3,P. GERAY,P.M. MANCEAU,FERRE,2800,0,6725.0,DaDaDa5a1a,,,0.2393950950660968,0,0,0
2026-07-14,2,1,LANGON-LIBOURNE,PRIX CHATEAU CAMUS,09:15,1784013300000,VOLTE,2800,8,NOVELINA,F,3,N.R. BROSSARD,Nicolas Richard BROSSARD,FERRE,2800,0,7110.0,AaDa3a2aDaDa3a(25)7a,,,0.14462191231051638,0,0,0
2026-07-14,2,1,LANGON-LIBOURNE,PRIX CHATEAU CAMUS,09:15,1784013300000,VOLTE,2800,9,NOSOTROS GABINLEA,H,3,Q. MACHET,Q. MACHET,FERRE,2800,0,7500.0,DaDa1a5a(25)Da,,,0.3170732964880459,0,0,0
2026-07-14,2,1,LANGON-LIBOURNE,PRIX CHATEAU CAMUS,09:15,1784013300000,VOLTE,2800,10,NEPTUNE DE LA TOUR,H,3,C. GAZENGEL,C. GAZENGEL,FERRE,2800,0,7570.0,3a1a,,,0.28753735503174455,0,0,0
2026-07-14,2,1,LANGON-LIBOURNE,PRIX CHATEAU CAMUS,09:15,1784013300000,VOLTE,2800,11,NIKITA GRIFF,F,3,R. HUE,Sté. Ent. R. et D. HUE,FERRE,2800,0,7585.0,1a3a,,,0.45528975801545557,0,0,0
2026-07-14,2,1,LANGON-LIBOURNE,PRIX CHATEAU CAMUS,09:15,1784013300000,VOLTE,2800,12,NECTAR DU PERCHE,M,3,R.W. DENECHERRE,R.W. DENECHERRE,FERRE,2800,0,7625.0,2aDa2aDa6aDa,,,0.21384495814281687,0,0,0
2026-07-14,2,1,LANGON-LIBOURNE,PRIX CHATEAU CAMUS,09:15,1784013300000,VOLTE,2800,13,NICE ONE,M,3,M. DAOUGABEL,C. GAZENGEL,PA,2800,0,7670.0,3a6a1a,,,0.2949962772244637,0,0,0
2026-07-14,2,1,LANGON-LIBOURNE,PRIX CHATEAU CAMUS,09:15,1784013300000,VOLTE,2800,14,NANA DE L'ISLE,F,3,F. GUERINEAU,A. RIPOLL RIGO,FERRE,2800,0,7800.0,2aDa4a3a7a6a,,,0.23403511896121332,0,0,0
2026-07-14,2,2,LANGON-LIBOURNE,PRIX CHATEAU PONT DE BRION,09:45,1784015100000,VOLTE,2800,1,MAJOR DU PADOUENG,H,4,A. BOURGOIN-TIMBERT,S. BOUISSON,PA_DP,2800,0,19210.0,5aDaDa0aDa7a(25)1a3a6a,,,0.11885705028897538,0,0,0
2026-07-14,2,2,LANGON-LIBOURNE,PRIX CHATEAU PONT DE BRION,09:45,1784015100000,VOLTE,2800,2,MAYERLING LEGACY,F,4,Mme LANA HENRY,Y. HENRY,DA,2800,0,20565.0,1a1aDaDaDaDa(25)4aDa1a,,,0.285043072341806,0,0,1
2026-07-14,2,2,LANGON-LIBOURNE,PRIX CHATEAU PONT DE BRION,09:45,1784015100000,VOLTE,2800,3,MAGIE D'ERABLE,F,4,TH. DUCOS,F. TERRY,D4,2800,0,20705.0,1a3a2a4a(25)DaDa5a8a1a,,,0.3474770788469561,0,0,0
2026-07-14,2,2,LANGON-LIBOURNE,PRIX CHATEAU PONT DE BRION,09:45,1784015100000,VOLTE,2800,4,MAESTRO DE FORGAN,H,4,N. MARTINEAU,N. MARTINEAU,D4,2800,0,23965.0,DaDaDaDa1a5aDa(25)Dm5a,,,0.23264533367231555,0,0,0
2026-07-14,2,2,LANGON-LIBOURNE,PRIX CHATEAU PONT DE BRION,09:45,1784015100000,VOLTE,2800,5,MILORD DU LUPIN,H,4,A. WIELS,J.P. MARMION,D4,2800,0,24555.0,1a2a(25)9a2a1aDa3a6a6a,,,0.6732409971575302,0,0,0
2026-07-14,2,2,LANGON-LIBOURNE,PRIX CHATEAU PONT DE BRION,09:45,1784015100000,VOLTE,2800,6,MYROS DE PALMA AR,M,4,F. GUERINEAU,A. RIPOLL RIGO,D4,2800,0,24945.0,9a2a3a6a0a(25)2a6a3a8a,,,0.32675987565125186,0,0,0
2026-07-14,2,2,LANGON-LIBOURNE,PRIX CHATEAU PONT DE BRION,09:45,1784015100000,VOLTE,2800,7,MARCOTTE D'ALBRET,F,4,B. VANACKER,B. VANACKER,D4,2800,0,25325.0,4a2a6a8mDa0a3a9a(25)8a,,,0.3397811885395183,0,0,0
2026-07-14,2,2,LANGON-LIBOURNE,PRIX CHATEAU PONT DE BRION,09:45,1784015100000,VOLTE,2800,8,MADGIK SAUTREUIL,H,4,P. GERAY,C. HERSERANT,D4,2800,0,26265.0,Da3aAaDa6a4a(25)2aDa0a,,,0.295065937840516,0,0,0
2026-07-14,2,2,LANGON-LIBOURNE,PRIX CHATEAU PONT DE BRION,09:45,1784015100000,VOLTE,2800,9,MADE IN LOVE PASS,H,4,N.R. BROSSARD,Nicolas Richard BROSSARD,D4,2800,0,26290.0,Dm8mDm4m0a7aDa9m7a(25),,,0.2736887087421548,0,0,0
2026-07-14,2,2,LANGON-LIBOURNE,PRIX CHATEAU PONT DE BRION,09:45,1784015100000,VOLTE,2800,10,MERVEILLE DAB,F,4,N. PACHA,Nils PACHA,D4,2800,0,26690.0,1a3aDaDa6aDa0a2a(25)Da,,,0.2909526235416191,0,0,0
2026-07-14,2,3,LANGON-LIBOURNE,PRIX CHATEAU BRONDELLE,10:15,1784016900000,VOLTE,2800,1,JOYAU DE FAEL,H,7,C. COUSTES,Y. HUREL,DP,2800,0,39395.0,2a7a6a3a6a3aDaDa9a0a,,,0.15841331859357735,0,0,0
2026-07-14,2,3,LANGON-LIBOURNE,PRIX CHATEAU BRONDELLE,10:15,1784016900000,VOLTE,2800,2,JIKA SAUTONNE,F,7,E. SALMON,M.X. CHARLOT,FERRE,2800,0,49510.0,4a3a6aDa5aDaDaDa0aDa,,,0.07996260839124658,0,0,0
2026-07-14,2,3,LANGON-LIBOURNE,PRIX CHATEAU BRONDELLE,10:15,1784016900000,VOLTE,2800,3,JANGO ELEVEN,H,7,K. ACHARD,A. RIPOLL RIGO,D4,2800,0,76745.0,3aDaDa4a5a2a(25)5a6a7a,,,0.23576014439095905,0,0,0
2026-07-14,2,3,LANGON-LIBOURNE,PRIX CHATEAU BRONDELLE,10:15,1784016900000,VOLTE,2800,4,JAFAR DE FAEL,H,7,J. MINEE,F. TERRY,D4,2800,0,76925.0,7a8a1a0a7a(25)0a0a9a0a,,,0.1679987722881359,0,0,0
2026-07-14,2,3,LANGON-LIBOURNE,PRIX CHATEAU BRONDELLE,10:15,1784016900000,VOLTE,2800,5,JEANNOT DU VALLON,H,7,M. CATHERINE-PEZET,Y. HENRY,D4,2800,0,80175.0,1a3a1a0a5a5a0a(25)DaDa,,,0.3102969841893642,0,0,0
2026-07-14,2,3,LANGON-LIBOURNE,PRIX CHATEAU BRONDELLE,10:15,1784016900000,VOLTE,2800,6,JOYAUX DU CHENE,H,7,J.J. BELLEVEAUX,Nils PACHA,D4,2800,0,80960.0,0a5a6a1aDa9a0a4a3a2a,,,0.24477308561633304,0,0,0
2026-07-14,2,3,LANGON-LIBOURNE,PRIX CHATEAU BRONDELLE,10:15,1784016900000,VOLTE,2800,7,JASMIN D'AVENIR,H,7,Mlle A. JEAN,M.X. CHARLOT,P4,2800,0,84840.0,2a8aDaDa9a3a(25)Da0a8a,,,0.1298008645023164,0,0,0
2026-07-14,2,3,LANGON-LIBOURNE,PRIX CHATEAU BRONDELLE,10:15,1784016900000,VOLTE,2800,8,JANGO BELLO,H,7,G. TOQUE,L. LALANDE,D4,2800,0,86015.0,2a5mDm5a4a8a6a(25)6a6a,,,0.17112702819027784,0,0,0
2026-07-14,2,3,LANGON-LIBOURNE,PRIX CHATEAU BRONDELLE,10:15,1784016900000,VOLTE,2800,9,JOYEUSE D'ATOUT,F,7,J.B. PAREY,Y. LACOMBE,D4,2800,0,86470.0,Da6a8a(25)0a8a8a1a4aAa,,,0.13603412108984791,0,0,0
2026-07-14,2,3,LANGON-LIBOURNE,PRIX CHATEAU BRONDELLE,10:15,1784016900000,VOLTE,2800,10,JOURNEE A LA GRAVE,F,7,L. BEAUMONT,J. CAPELLE,DP,2800,0,87690.0,2a5a5a8a4a2a1a3a7a1a,,,0.1514259195767529,0,0,0
2026-07-14,2,3,LANGON-LIBOURNE,PRIX CHATEAU BRONDELLE,10:15,1784016900000,VOLTE,2800,11,JASPER DU BELLAY,H,7,Q. BOUYNE,G. MARTY,D4,2800,0,88010.0,3aDa6a2a5a2a5a7a8a4a,,,0.16673937612619702,0,0,0
2026-07-14,2,3,LANGON-LIBOURNE,PRIX CHATEAU BRONDELLE,10:15,1784016900000,VOLTE,2800,12,JONAS,H,7,CH. MANEGAT,K. BUSNEL,DP,2800,0,88085.0,5a8aDaDa1a5aDa0a(25)Da,,,0.18442218440277725,0,0,0
2026-07-14,2,3,LANGON-LIBOURNE,PRIX CHATEAU BRONDELLE,10:15,1784016900000,VOLTE,2800,13,JAVANAISE DE FARS,F,7,Mlle A. DUPUIS,Mme A. LORDENIMUS,D4,2800,0,88275.0,4a0a0a0a(25)4a1a2a(24)6a,,,0.31342818121726984,0,0,0
2026-07-14,2,3,LANGON-LIBOURNE,PRIX CHATEAU BRONDELLE,10:15,1784016900000,VOLTE,2800,14,JAVA DE ROUAISSE,F,7,Y. BOUISSON,D. LEBOIS,D4,2800,0,88860.0,9a3a0a0a5a6a7a0a2a(25),,,0.20026535562915507,0,0,0
2026-07-14,2,4,LANGON-LIBOURNE,PRIX CHATEAU LES GUILLEMINS,10:45,1784018700000,VOLTE,2800,1,LIBERTY BOND,F,5,C. COUSTES,Y. HUREL,D4,2800,0,6805.0,(25)DaDaDaDaDaDa3a8aDa,,,0.07036223686626429,1,0,0
2026-07-14,2,4,LANGON-LIBOURNE,PRIX CHATEAU LES GUILLEMINS,10:45,1784018700000,VOLTE,2800,2,LEONA JELMA,F,5,R. LE CREPS,D. CRESPEL,DA,2800,0,13850.0,Da7aDa8aDa8m(25)9a4a6a,,,0.04761021632447565,0,0,0
2026-07-14,2,4,LANGON-LIBOURNE,PRIX CHATEAU LES GUILLEMINS,10:45,1784018700000,VOLTE,2800,3,LALANDE SMILE,F,5,N. PACHA,Nils PACHA,D4,2800,0,18125.0,5a4aDa7a(25)0a0a5a1a6a,,,0.19433769288668137,1,0,0
2026-07-14,2,4,LANGON-LIBOURNE,PRIX CHATEAU LES GUILLEMINS,10:45,1784018700000,VOLTE,2800,4,LEGENDE D'ETE,F,5,E. SALMON,F. TERRY,D4,2800,0,20655.0,Da0aDa5a(25)8aDa7a1aDa,,,0.15985645225466102,0,0,0
2026-07-14,2,4,LANGON-LIBOURNE,PRIX CHATEAU LES GUILLEMINS,10:45,1784018700000,VOLTE,2800,5,LILONA DU PADOUENG,F,5,P. GERAY,S. BOUISSON,PA_DP,2800,0,25280.0,5a0a6a2a4a2a0aDa(25)Da,,,0.26835472550747846,0,0,0
2026-07-14,2,4,LANGON-LIBOURNE,PRIX CHATEAU LES GUILLEMINS,10:45,1784018700000,VOLTE,2800,6,LADY GODIVA,F,5,M. GRASSET,D. CRESPEL,PA,2800,0,25345.0,Dm5m5mDaDaDa1aDm7mDm,,,0.15936061298087623,0,0,0
2026-07-14,2,4,LANGON-LIBOURNE,PRIX CHATEAU LES GUILLEMINS,10:45,1784018700000,VOLTE,2800,7,L'ETOILE MASCAR,F,5,D. CRESPEL,D. CRESPEL,D4,2800,0,25797.0,Aa3a8a0a0a6a3a7a3a9a,,,0.22119226714056137,0,0,0
2026-07-14,2,4,LANGON-LIBOURNE,PRIX CHATEAU LES GUILLEMINS,10:45,1784018700000,VOLTE,2800,8,LA PERLE RARE,F,5,A. WISSOCQ,A. WISSOCQ,D4,2800,0,27220.0,4aDa8a5a8a8a4a(25)0a5a,,,0.16625268928894235,0,0,0
2026-07-14,2,4,LANGON-LIBOURNE,PRIX CHATEAU LES GUILLEMINS,10:45,1784018700000,VOLTE,2800,9,LAMITIE DE HOUELLE,F,5,J. CHAVATTE,A. WISSOCQ,DP,2800,0,29300.0,1a6a0aDaDa3a0aDa(25)0a,,,0.2464447257393967,0,1,0
2026-07-14,2,4,LANGON-LIBOURNE,PRIX CHATEAU LES GUILLEMINS,10:45,1784018700000,VOLTE,2800,10,L'IDOLE DRY,F,5,TH. DUCOS,F. TERRY,D4,2800,0,30075.0,1aDa9aDa5a(25)DaDaDa3a,,,0.30813554547153127,0,0,0
2026-07-14,2,4,LANGON-LIBOURNE,PRIX CHATEAU LES GUILLEMINS,10:45,1784018700000,VOLTE,2800,11,LORELEI,F,5,F. CLOZIER,F. TERRY,D4,2800,0,34535.0,2a8a8a(25)9a0aDaDaDaDa,,,0.299924053785179,0,0,0
2026-07-14,2,4,LANGON-LIBOURNE,PRIX CHATEAU LES GUILLEMINS,10:45,1784018700000,VOLTE,2800,12,LADY DU CORTA,F,5,M. DAOUGABEL,A. BARRE,D4,2800,0,35105.0,4aDa3a2a0a5a(25)3aDa1a,,,0.3147234129411644,0,0,0
2026-07-14,2,5,LANGON-LIBOURNE,PRIX CHATEAU RESPIDE,11:15,1784020500000,VOLTE,2800,1,L'ETONNANT,H,5,C. COUSTES,Y. HUREL,FERRE,2800,0,0.0,0a(25)0a,,,0.0327691765470474,0,0,0
2026-07-14,2,5,LANGON-LIBOURNE,PRIX CHATEAU RESPIDE,11:15,1784020500000,VOLTE,2800,2,LOUDEAC D'YVI,H,5,A. CHARBONNEAU,Adrien CHARBONNEAU,DP,2800,0,7720.0,Dm4a7a9a5a9a8a(25)6a5a,,,0.0735764394163656,0,0,0
2026-07-14,2,5,LANGON-LIBOURNE,PRIX CHATEAU RESPIDE,11:15,1784020500000,VOLTE,2800,3,LIANG DU PATURAL,H,5,P. GERAY,P.M. MANCEAU,D4,2800,0,25760.0,3a4a0aDa5a4a9aDa(25)7a,,,0.2446453162063591,0,0,0
2026-07-14,2,5,LANGON-LIBOURNE,PRIX CHATEAU RESPIDE,11:15,1784020500000,VOLTE,2800,4,LUCKY DU CHALONGE,H,5,A. HONORE,G. MUTHULAR,PA_DP,2800,0,28150.0,2m4a2aDa3aDaDaDa4a3a,,,0.13662744654056144,0,0,0
2026-07-14,2,5,LANGON-LIBOURNE,PRIX CHATEAU RESPIDE,11:15,1784020500000,VOLTE,2800,5,LOTUS DE BLAY,H,5,F. MARTY,F. MARTY,FERRE,2800,0,30235.0,5a(25)3a2a1aDa3a2aDaDa,,,0.08583683871946746,0,0,0
2026-07-14,2,5,LANGON-LIBOURNE,PRIX CHATEAU RESPIDE,11:15,1784020500000,VOLTE,2800,6,LUCKY DAY,H,5,TH. PRUDHON,E. PRUDHON,PA,2800,0,30640.0,5a0a8a2a4a4a2a(25)1a9a,,,0.29888141694664466,0,0,0
2026-07-14,2,5,LANGON-LIBOURNE,PRIX CHATEAU RESPIDE,11:15,1784020500000,VOLTE,2800,7,LUCKY CHARM,H,5,L. LAUDREN,L. LAUDREN,D4,2800,0,30740.0,1a2a5a5a2a(25)Da0a3aDm,,,0.3912674318855099,0,0,0
2026-07-14,2,5,LANGON-LIBOURNE,PRIX CHATEAU RESPIDE,11:15,1784020500000,VOLTE,2800,8,LORD DU GILET,H,5,B. VANACKER,B. VANACKER,D4,2800,0,33760.0,Da4a6a6mDa9a5a8a(25)Da,,,0.22214285644662882,0,0,0
2026-07-14,2,5,LANGON-LIBOURNE,PRIX CHATEAU RESPIDE,11:15,1784020500000,VOLTE,2800,9,LEVYLAND,H,5,M.X. CHARLOT,M.X. CHARLOT,DA_PP,2800,0,33810.0,Da4a8a6a3a2a5aDa1a4a,,,0.26872634995295414,0,0,0
2026-07-14,2,5,LANGON-LIBOURNE,PRIX CHATEAU RESPIDE,11:15,1784020500000,VOLTE,2800,10,LEOPARD,H,5,C. GAZENGEL,C. GAZENGEL,PA,2800,0,33965.0,Da5a2a0a0a(25)8a2aDa3a,,,0.2446453162063591,0,0,0
2026-07-14,2,5,LANGON-LIBOURNE,PRIX CHATEAU RESPIDE,11:15,1784020500000,VOLTE,2800,11,LUTIN DU LAYON,H,5,Mlle MATHILDE LEPAGE,DIDIER LEPAGE,P4,2800,0,35420.0,3a4a7a3a4a1a(25)Da7a3a,,,0.2265676047258838,0,0,0
2026-07-14,2,5,LANGON-LIBOURNE,PRIX CHATEAU RESPIDE,11:15,1784020500000,VOLTE,2800,12,LORENZACCIO,H,5,N. PACHA,J. GROIZEAU,D4,2800,0,35750.0,3a2aDa5a8a(25)0a4aDa6a,,,0.3077965096268606,1,0,0
2026-07-14,2,5,LANGON-LIBOURNE,PRIX CHATEAU RESPIDE,11:15,1784020500000,VOLTE,2800,13,LISKI DE LA CRIERE,H,5,M. GRASSET,K. BUSNEL,D4,2800,0,35840.0,5a7a1a3a3a1a7a(25)7aDa,,,0.35702787615998394,0,0,0
2026-07-14,2,6,LANGON-LIBOURNE,PRIX CHATEAU LEHOUL,11:45,1784022300000,VOLTE,2800,1,KALIE DU BLEQUIN,F,6,R. LE CREPS,M. VARIN,PA_DP,2800,0,41650.0,6a6a0a(25)0a4m1a0a7a9a,,,0.08953588680400952,0,0,0
2026-07-14,2,6,LANGON-LIBOURNE,PRIX CHATEAU LEHOUL,11:45,1784022300000,VOLTE,2800,2,KATARINA DU VIGNAC,F,6,J.J. BELLEVEAUX,M. DAOUGABEL,DA,2800,0,45170.0,Da(25)0a0a8aDa9a6aAa3a,,,0.04774870082640012,0,0,0
2026-07-14,2,6,LANGON-LIBOURNE,PRIX CHATEAU LEHOUL,11:45,1784022300000,VOLTE,2800,3,KENTUCKY TUILERIE,H,6,A. HONORE,CH. FEYTE,D4,2800,0,46435.0,4a5a9a0a5a0a(25)7a1a1a,,,0.1833868407343603,0,0,0
2026-07-14,2,6,LANGON-LIBOURNE,PRIX CHATEAU LEHOUL,11:45,1784022300000,VOLTE,2800,4,KAHORS DE LA PIECE,H,6,M. DAOUGABEL,M. DAOUGABEL,D4,2800,0,46725.0,6a(25)Da9a2a9aDa1a1a2a,,,0.21612147479498187,0,0,0
2026-07-14,2,6,LANGON-LIBOURNE,PRIX CHATEAU LEHOUL,11:45,1784022300000,VOLTE,2800,5,KOALA DU DROPT,H,6,CH. FEYTE,CH. FEYTE,DP,2800,0,46770.0,Da0a7a3a5aDa3a(25)6a6a,,,0.2627299065803644,0,0,0
2026-07-14,2,6,LANGON-LIBOURNE,PRIX CHATEAU LEHOUL,11:45,1784022300000,VOLTE,2800,6,KIR DE KACY,H,6,C. GAZENGEL,C. GAZENGEL,D4,2800,0,48170.0,Da5a(25)4a9a4a8a6a6a0a,,,0.2088728921342179,0,0,0
2026-07-14,2,6,LANGON-LIBOURNE,PRIX CHATEAU LEHOUL,11:45,1784022300000,VOLTE,2800,7,KELLE LOVELY GIRL,F,6,P. GERAY,S. BOUISSON,D4,2800,0,48500.0,5aDaDa0a1a6a(25)0a3aDa,,,0.2293087678206541,0,0,0
2026-07-14,2,6,LANGON-LIBOURNE,PRIX CHATEAU LEHOUL,11:45,1784022300000,VOLTE,2800,8,KING TURGOT,H,6,M. GRASSET,K. BUSNEL,FERRE,2800,0,48560.0,DaDa0aDaDa4aDaDa(25)Da,,,0.13159775119922734,0,0,0
2026-07-14,2,6,LANGON-LIBOURNE,PRIX CHATEAU LEHOUL,11:45,1784022300000,VOLTE,2800,9,KASTEL LOVE,H,6,Mme LANA HENRY,Y. HENRY,DP,2800,0,49810.0,6a1a4aDa1a1aDa7a0a(25),,,0.35459537937442276,0,0,0
2026-07-14,2,6,LANGON-LIBOURNE,PRIX CHATEAU LEHOUL,11:45,1784022300000,VOLTE,2800,10,KELLY DU LUPIN,F,6,A. WIELS,J.P. MARMION,D4,2800,0,50665.0,7a0a(25)5a6a3a6a1aDa4a,,,0.4675342652338282,0,0,0
2026-07-14,2,6,LANGON-LIBOURNE,PRIX CHATEAU LEHOUL,11:45,1784022300000,VOLTE,2800,11,KINGKARL,H,6,N. PACHA,J. GROIZEAU,FERRE,2800,0,51140.0,9a8a5a5a3aDa2a8a(25)Da,,,0.04454966369227829,0,0,0
2026-07-14,2,6,LANGON-LIBOURNE,PRIX CHATEAU LEHOUL,11:45,1784022300000,VOLTE,2800,12,KAMELIA VIVANCIERE,F,6,Mlle P. BELUZE,Mlle P. BELUZE,PA_DP,2800,0,52250.0,8a5aDa7a0a(25)3a0a8a6a,,,0.10689492296047569,0,0,0
2026-07-14,2,6,LANGON-LIBOURNE,PRIX CHATEAU LEHOUL,11:45,1784022300000,VOLTE,2800,13,KATCHINA DUEM,F,6,J. CHAVATTE,J. CHAVATTE,D4,2800,0,52680.0,2a7a5a2a4aDa3a4a(25)9a,,,0.3449865971096097,0,0,0
2026-07-14,2,6,LANGON-LIBOURNE,PRIX CHATEAU LEHOUL,11:45,1784022300000,VOLTE,2800,14,KASIMODO DREAM,H,6,F. GUERINEAU,A. RIPOLL RIGO,D4,2800,0,53275.0,5a1a8a5a(25)5a0a3a4a6a,,,0.27583523658977993,0,0,0
2026-07-14,2,7,LANGON-LIBOURNE,PRIX CHATEAU CLOS TOURMILLOT,12:19,1784024340000,VOLTE,2800,1,KHEOPS DU VAAL,H,6,P. GERAY,Pierre GERAY,D4,2800,0,41765.0,9a(25)0aDaDa2a4a2a3a8a,,,0.10905767645463856,1,0,0
2026-07-14,2,7,LANGON-LIBOURNE,PRIX CHATEAU CLOS TOURMILLOT,12:19,1784024340000,VOLTE,2800,2,KANDIE DU BASSIN,F,6,CH. FEYTE,CH. FEYTE,D4,2800,0,42585.0,0aDa0a6aDaDa0aDa(25)6a,,,0.1059777399252873,0,0,0
2026-07-14,2,7,LANGON-LIBOURNE,PRIX CHATEAU CLOS TOURMILLOT,12:19,1784024340000,VOLTE,2800,3,KARIMA DU PARC,F,6,M. DAOUGABEL,M. DAOUGABEL,DA,2800,0,43145.0,9a8aDa3a8aDa0aDa8a7m,,,0.10694466083775189,0,0,0
2026-07-14,2,7,LANGON-LIBOURNE,PRIX CHATEAU CLOS TOURMILLOT,12:19,1784024340000,VOLTE,2800,4,KIMONO DU CAIEU,H,6,DAVID RENAULT,Mlle Manon CAMPOUS,P4,2800,0,43262.0,8a8a0a0a9a7a6a(25)0a5a,,,0.08364942432576312,0,0,0
2026-07-14,2,7,LANGON-LIBOURNE,PRIX CHATEAU CLOS TOURMILLOT,12:19,1784024340000,VOLTE,2800,5,JAG DE MARCAY,H,7,M. GRASSET,J.J. BEAUSSE,FERRE,2800,0,43405.0,DaDa1a0aDa1aDaDaDa3a,,,0.1434838810243504,0,0,0
2026-07-14,2,7,LANGON-LIBOURNE,PRIX CHATEAU CLOS TOURMILLOT,12:19,1784024340000,VOLTE,2800,6,JOYAU DU VIVIER,M,7,TH. DUCOS,F. TERRY,DP,2800,0,44060.0,Da9aDa3a7a(24)2a1aDa1a,,,0.17577624660511196,0,0,0
2026-07-14,2,7,LANGON-LIBOURNE,PRIX CHATEAU CLOS TOURMILLOT,12:19,1784024340000,VOLTE,2800,7,KANDERO BELLO,H,6,A. BOURGOIN-TIMBERT,P.L. DESAUNETTE,D4,2800,0,44545.0,7a5aDa4a0a(25)0m2a9a1a,,,0.21381921660416306,0,0,0
2026-07-14,2,7,LANGON-LIBOURNE,PRIX CHATEAU CLOS TOURMILLOT,12:19,1784024340000,VOLTE,2800,8,JACADI D'EVA,H,7,V. CABOS,P. HEDIGER,P4,2800,0,44590.0,6aDa(25)Da8a6a8a4aDa6a,,,0.083159273064576,0,0,0
2026-07-14,2,7,LANGON-LIBOURNE,PRIX CHATEAU CLOS TOURMILLOT,12:19,1784024340000,VOLTE,2800,9,KILLER SUN DRALIAM,H,6,Mme LANA HENRY,H. COMBOT,D4,2800,0,44595.0,4aDa0a7a9a4a(25)0a0a0a,,,0.17663930304161682,1,0,0
2026-07-14,2,7,LANGON-LIBOURNE,PRIX CHATEAU CLOS TOURMILLOT,12:19,1784024340000,VOLTE,2800,10,JAFFNA SHAN,F,7,B. VANACKER,Mme B. RUIZ,DP,2800,0,44635.0,DmDa0aDa0a(25)0a7a4a3a,,,0.05938839736528199,0,0,0
2026-07-14,2,7,LANGON-LIBOURNE,PRIX CHATEAU CLOS TOURMILLOT,12:19,1784024340000,VOLTE,2800,11,KAISER GRIFF,H,6,F. MARTY,F. MARTY,D4,2825,25,84920.0,7a2a4a(25)4a6a6a1a1a5a,,,0.2879375036036996,0,0,0
2026-07-14,2,7,LANGON-LIBOURNE,PRIX CHATEAU CLOS TOURMILLOT,12:19,1784024340000,VOLTE,2800,12,KSAR BLUE BOCAIN,H,6,J. CHAVATTE,J. CHAVATTE,DP,2825,25,87815.0,DaDa6a2aDaDa0a(25)8a4a,,,0.2749096037191679,0,0,0
2026-07-14,2,7,LANGON-LIBOURNE,PRIX CHATEAU CLOS TOURMILLOT,12:19,1784024340000,VOLTE,2800,13,JURA,H,7,F. CLOZIER,F. TERRY,D4,2825,25,89625.0,8a6aDa6a0a1a(25)0a4a3a,,,0.21734500563692308,0,0,0
2026-07-14,2,7,LANGON-LIBOURNE,PRIX CHATEAU CLOS TOURMILLOT,12:19,1784024340000,VOLTE,2800,14,KALINKA DU BREUIL,F,6,R. HUE,Sté. Ent. R. et D. HUE,PA_DP,2825,25,94350.0,8a6a1aAaDa3a9a3a1a(25),,,0.40889761739531466,0,0,0
2026-07-14,2,7,LANGON-LIBOURNE,PRIX CHATEAU CLOS TOURMILLOT,12:19,1784024340000,VOLTE,2800,15,JAVARI DU CHATELET,H,7,CHARLES BOUVIER,CHARLES BOUVIER,FERRE,2825,25,94805.0,0a(25)0a1a3a4a2m0a0a5a,,,0.011962190514488097,0,0,0
2026-07-14,2,7,LANGON-LIBOURNE,PRIX CHATEAU CLOS TOURMILLOT,12:19,1784024340000,VOLTE,2800,16,KELLE BELLE JASMA,F,6,L. LAUDREN,L. LAUDREN,D4,2825,25,95315.0,Da1a3a2a2a8a(25)2a4a3a,,,0.28544822138618026,0,0,0
2026-07-14,2,7,LANGON-LIBOURNE,PRIX CHATEAU CLOS TOURMILLOT,12:19,1784024340000,VOLTE,2800,17,JOUEUR DU LUPIN,H,7,A. WIELS,J.P. MARMION,PA,2825,25,97110.0,5a3a8a(25)Da3a3a1a4a1a,,,0.4536314334406167,0,0,0
2026-07-14,2,8,LANGON-LIBOURNE,GRAND PRIX DYNAVENA - PRIX YVES BIRAC,12:51,1784026260000,VOLTE,2800,1,IGOR DU PLANTIS,H,8,Y. LACOMBE,Y. LACOMBE,D4,2800,0,90605.0,0a0aDa9a9a0aDa0a(25)Da,,,0.06748628822031015,0,0,0
2026-07-14,2,8,LANGON-LIBOURNE,GRAND PRIX DYNAVENA - PRIX YVES BIRAC,12:51,1784026260000,VOLTE,2800,2,HONEY DE TOUCHYVON,H,9,R. LE CREPS,M. VARIN,D4,2800,0,110100.0,7a0a9a0a(25)8a8a3a1a7a,,,0.07565852212276127,0,0,0
2026-07-14,2,8,LANGON-LIBOURNE,GRAND PRIX DYNAVENA - PRIX YVES BIRAC,12:51,1784026260000,VOLTE,2800,3,JAGUAR DU LONDEL,H,7,N.R. BROSSARD,Nicolas Richard BROSSARD,D4,2800,0,112085.0,Da7a9a6aDa0a0a(25)0a2a,,,0.1301628009176446,0,0,0
2026-07-14,2,8,LANGON-LIBOURNE,GRAND PRIX DYNAVENA - PRIX YVES BIRAC,12:51,1784026260000,VOLTE,2800,4,INVINCIBLE BOURBON,H,8,F. CLOZIER,B. OLICARD,D4,2800,0,114960.0,0a7a8a8a7a4a(25)4a2a2a,,,0.19418654237249464,0,0,0
2026-07-14,2,8,LANGON-LIBOURNE,GRAND PRIX DYNAVENA - PRIX YVES BIRAC,12:51,1784026260000,VOLTE,2800,5,JAGOAR DU TRIEUX,H,7,N. PACHA,Nils PACHA,D4,2800,0,120260.0,6a4a1a3a2a0a(25)Da5a0a,,,0.30081185187146725,0,0,0
2026-07-14,2,8,LANGON-LIBOURNE,GRAND PRIX DYNAVENA - PRIX YVES BIRAC,12:51,1784026260000,VOLTE,2800,6,HORTENSIA DE LARRE,H,9,M. GRASSET,K. BUSNEL,D4,2800,0,122810.0,4a8a1a7a3aDa8a(25)Da6a,,,0.1556292086962431,0,0,0
2026-07-14,2,8,LANGON-LIBOURNE,GRAND PRIX DYNAVENA - PRIX YVES BIRAC,12:51,1784026260000,VOLTE,2800,7,HASPARNE DUEM,M,9,J. CHAVATTE,J. CHAVATTE,FERRE,2800,0,123290.0,Da8a5a9a4a4a6a7a8a6a,,,0.04558636240879232,0,0,0
2026-07-14,2,8,LANGON-LIBOURNE,GRAND PRIX DYNAVENA - PRIX YVES BIRAC,12:51,1784026260000,VOLTE,2800,8,JERENAL D'HAMELINE,H,7,A. WIELS,J.P. MARMION,PA,2825,25,214970.0,3a2a7a1a2a5a(25)1a1a4a,,,0.5014898503436259,0,0,0
2026-07-14,2,8,LANGON-LIBOURNE,GRAND PRIX DYNAVENA - PRIX YVES BIRAC,12:51,1784026260000,VOLTE,2800,9,HORTINO,H,9,Mme LANA HENRY,Y. HENRY,PA_DP,2825,25,224855.0,Da8a2a5a2a4a9a2a(24)8m,,,0.12179837736489052,0,0,0
2026-07-14,2,8,LANGON-LIBOURNE,GRAND PRIX DYNAVENA - PRIX YVES BIRAC,12:51,1784026260000,VOLTE,2800,10,HISTORIC DAY,H,9,TH. DUCOS,F. TERRY,D4,2825,25,233460.0,2aDa7a0a(25)4aDa9a3a5a,,,0.16326172573667344,0,0,0
2026-07-14,2,8,LANGON-LIBOURNE,GRAND PRIX DYNAVENA - PRIX YVES BIRAC,12:51,1784026260000,VOLTE,2800,11,IRON JET,M,8,M.X. CHARLOT,E. PRUDHON,D4,2825,25,237212.0,8aDaDaDaDa2a7a7a0a(25),,,0.14079324822029116,0,0,0
2026-07-14,2,8,LANGON-LIBOURNE,GRAND PRIX DYNAVENA - PRIX YVES BIRAC,12:51,1784026260000,VOLTE,2800,12,HEAD OF STATE,H,9,T. OUVRIE,TH. DUVALDESTIN,D4,2825,25,240860.0,2a6a(25)8a1a1aDa1aDaDa,,,0.3101235247518432,0,0,0
2026-07-14,2,8,LANGON-LIBOURNE,GRAND PRIX DYNAVENA - PRIX YVES BIRAC,12:51,1784026260000,VOLTE,2800,13,IDOLE DE MEAT,F,8,F. GUINHUT,F. GUINHUT,FERRE,2825,25,241130.0,9a3a8aDa8a(25)0aDa7a3a,,,0.15201423213203555,0,0,0
2026-07-14,2,8,LANGON-LIBOURNE,GRAND PRIX DYNAVENA - PRIX YVES BIRAC,12:51,1784026260000,VOLTE,2800,14,JOJOBA DE QUERAY,H,7,F. CORBINEAU,F. CORBINEAU,D4,2825,25,241720.0,7a2a2a2a3a2a7a5a(25)1a,,,0.5364976698333296,0,0,0
2026-07-14,2,8,LANGON-LIBOURNE,GRAND PRIX DYNAVENA - PRIX YVES BIRAC,12:51,1784026260000,VOLTE,2800,15,ISERIA GRIFF,F,8,R. HUE,Sté. Ent. R. et D. HUE,D4,2825,25,244910.0,3a8a7a5a9a2a2a6a(25)6a,,,0.2849213427920921,0,0,0
2026-07-14,5,1,CABOURG,PRIX DES DORONICS,16:30,1784039400000,VOLTE,2750,1,JOLANA JADOR,F,7,F. TABESSE,F. TABESSE,PA_DP,2750,0,56355.0,Da0a5a0a2a8a1a7a5a3a,,,0.08953588680400952,0,0,0
2026-07-14,5,1,CABOURG,PRIX DES DORONICS,16:30,1784039400000,VOLTE,2750,2,JULIANA SPIRIT,F,7,Y. LEBOURGEOIS,J. CONDETTE,PA_DP,2750,0,67940.0,8a2a5aDa1a5a4a2a2a7a,,,0.43185082622526466,0,0,0
2026-07-14,5,1,CABOURG,PRIX DES DORONICS,16:30,1784039400000,VOLTE,2750,3,JADE THORIS,F,7,A. ABRIVARD,J. ROUX,PA,2750,0,68170.0,3a4a4m7a0aDm7aDa8a2a,,,0.2446453162063591,0,0,0
2026-07-14,5,1,CABOURG,PRIX DES DORONICS,16:30,1784039400000,VOLTE,2750,4,JOUEUR DANICA,H,7,A. COLLETTE,R. MEVEL,FERRE,2750,0,69750.0,3a5a7aDa8a(25)3a1a1a4a,,,0.3493816088317623,0,0,0
2026-07-14,5,1,CABOURG,PRIX DES DORONICS,16:30,1784039400000,VOLTE,2750,5,JUNIOR DU CHERISAY,H,7,D. DELAROCHE,D. DELAROCHE,FERRE,2750,0,74165.0,0a8a3a9a8a0a(25)8a8aDa,,,0.0927579149038833,0,0,0
2026-07-14,5,1,CABOURG,PRIX DES DORONICS,16:30,1784039400000,VOLTE,2750,6,JADOR JOSSELYN,H,7,CEDRIC TERRY,F. TERRY,DP,2750,0,74370.0,2aDaDa2a1a0a(25)7a1aDa,,,0.30132555394580435,0,0,0
2026-07-14,5,1,CABOURG,PRIX DES DORONICS,16:30,1784039400000,VOLTE,2750,7,JEEP DE DALINE,F,7,F. LAGADEUC,Gregory MARTENS,PA,2775,25,88610.0,0a0a0a(25)7a1a9a5a7a7a,,,0.22553695139845095,0,0,0
2026-07-14,5,1,CABOURG,PRIX DES DORONICS,16:30,1784039400000,VOLTE,2750,8,JUNE D'ERABLE,F,7,D. THOMAIN,CL. THOMAIN,D4,2775,25,139035.0,5a2a4a7aDa1a4a8a(25)8m,,,0.4956603853080462,0,0,0
2026-07-14,5,1,CABOURG,PRIX DES DORONICS,16:30,1784039400000,VOLTE,2750,9,JACK L'EVENTREUR,H,7,T. LE BELLER,F. TERRY,P4,2775,25,139695.0,9aDa7aDm0a2a5aDa4m8m,,,0.29384504286350294,0,0,0
2026-07-14,5,1,CABOURG,PRIX DES DORONICS,16:30,1784039400000,VOLTE,2750,10,JOGGER KILY,H,7,F. NIVARD,F. NIVARD,DA_PP,2775,25,145722.0,9a3a1a2a6a6a7a5aDaDm,,,0.39344315946159686,0,0,0
2026-07-14,5,1,CABOURG,PRIX DES DORONICS,16:30,1784039400000,VOLTE,2750,11,JERIKA DE KERYANN,F,7,CH. CLIN,CH. CLIN,FERRE,2775,25,147330.0,Da0mDm0a4a0a6a5m4a(25),,,0.0987600169512955,0,0,0
2026-07-14,5,2,CABOURG,PRIX DES CROCUS,17:00,1784041200000,VOLTE,2750,1,MAISY DU DONJON,F,4,CH. DREUX,Ch. DREUX,D4,2750,0,27150.0,2a4a6a5a4a(25)6a1a1a,,,0.29327421496453326,0,0,0
2026-07-14,5,2,CABOURG,PRIX DES CROCUS,17:00,1784041200000,VOLTE,2750,2,MENEUSE DE HOUELLE,F,4,A. REBECHE,A.G. MAILLARD,D4,2750,0,28440.0,Da2a3a8a9a1aDaDa4aDa,,,0.21734500563692308,0,0,0
2026-07-14,5,2,CABOURG,PRIX DES CROCUS,17:00,1784041200000,VOLTE,2750,3,MACOUMBA DAIRPET,F,4,Y. LEBOURGEOIS,B. ROBIN,D4,2750,0,29580.0,7a3a1a0a1a5a(25)1a3a8a,,,0.4090665920292364,0,0,0
2026-07-14,5,2,CABOURG,PRIX DES CROCUS,17:00,1784041200000,VOLTE,2750,4,MULANE DU BOCAGE,F,4,F. NIVARD,Anthony DOLLION,D4,2750,0,30690.0,Da7a3a5aDaDa7aDa(25)6a,,,0.3239483196618976,0,0,0
2026-07-14,5,2,CABOURG,PRIX DES CROCUS,17:00,1784041200000,VOLTE,2750,5,MADONE PIYA,F,4,G. GELORMINI,S. GUARATO,DP,2750,0,31590.0,Da0aDa1aDa(25)0aDa6a1a,,,0.29767362414082926,0,0,0
2026-07-14,5,2,CABOURG,PRIX DES CROCUS,17:00,1784041200000,VOLTE,2750,6,MAKITA BERRY,F,4,T. LE BELLER,E.G. BLOT,D4,2750,0,31630.0,1aDa7a8a8a5a(25)3a1a2a,,,0.30505217416507613,0,0,0
2026-07-14,5,2,CABOURG,PRIX DES CROCUS,17:00,1784041200000,VOLTE,2750,7,MISS GRAIGNES,F,4,F. LAGADEUC,R. LAGADEUC,DP,2750,0,31850.0,2a2a0a2a1a4a(25)Dm8m5m,,,0.45634211801275315,0,0,0
2026-07-14,5,2,CABOURG,PRIX DES CROCUS,17:00,1784041200000,VOLTE,2750,8,MAYWENN DU GUERET,F,4,D. THOMAIN,A. HUREAU,PA_DP,2750,0,32285.0,2a1a6a1a1a(25)DaDa3a3a,,,0.4745148811276228,0,0,0
2026-07-14,5,2,CABOURG,PRIX DES CROCUS,17:00,1784041200000,VOLTE,2750,9,MADEIRA,F,4,A. COLLETTE,Sté. Ent. R. et D. HUE,D4,2750,0,32675.0,3a1a5a1a(25)3a4a3a1a,,,0.5305874259221567,1,0,0
2026-07-14,5,2,CABOURG,PRIX DES CROCUS,17:00,1784041200000,VOLTE,2750,10,MILADY DREAM,F,4,CEDRIC TERRY,A.G. MAILLARD,FERRE,2750,0,32790.0,Da1a3aDa9a(25)0a1a2aDa,,,0.2349801916171521,0,0,0
2026-07-14,5,2,CABOURG,PRIX DES CROCUS,17:00,1784041200000,VOLTE,2750,11,MERRY DE MALABRY,F,4,A. ABRIVARD,V. RAIMBAULT,D4,2750,0,33025.0,5aDa2a3aDa(25)3a1a5a2a,,,0.467587998153614,0,0,0
2026-07-14,5,2,CABOURG,PRIX DES CROCUS,17:00,1784041200000,VOLTE,2750,12,MISS MELODY PEEL,F,4,G. D'HAENENS,L. ROELENS,FERRE,2750,0,34035.0,8a1a3a1a1a2a5a1a(25)4a,,,0.31756432188130546,0,0,0
2026-07-14,5,3,CABOURG,PRIX DES SPIREES,17:31,1784043060000,AUTOSTART,2725,1,LUPIN DU RIB,H,5,N. PERRON,JOEL HALLAIS,D4,2725,0,41290.0,1a8a(25)0a0a2a2a8a3a5a,,,0.3202371291727725,0,0,0
2026-07-14,5,3,CABOURG,PRIX DES SPIREES,17:31,1784043060000,AUTOSTART,2725,2,LIBERATOR PHEDO,H,5,CH. GALLIER,CH. GALLIER,FERRE,2725,0,35970.0,Da2mDmDa2aDm2m1m9aDm,,,0.35701041916821974,0,0,0
2026-07-14,5,3,CABOURG,PRIX DES SPIREES,17:31,1784043060000,AUTOSTART,2725,3,LEADER BLACK,H,5,ALEXANDRE BODIN,A. PLARD,DP,2725,0,40955.0,3a3a5a6a4a5a4a(25)4aDa,,,0.3629597233557143,0,0,0
2026-07-14,5,3,CABOURG,PRIX DES SPIREES,17:31,1784043060000,AUTOSTART,2725,4,LIBERAL BABY,H,5,F. LAGADEUC,J.M. GUILLOTTE,D4,2725,0,37115.0,5a5a7a0a7a8a6aDa3a1a,,,0.3566257168282571,0,0,0
2026-07-14,5,3,CABOURG,PRIX DES SPIREES,17:31,1784043060000,AUTOSTART,2725,5,LOVELY ONE,H,5,A. COLLETTE,A. MARION,DA,2725,0,36065.0,4m5a(25)7m9m2m5m1m3mDa,,,0.36817585659401625,0,0,0
2026-07-14,5,3,CABOURG,PRIX DES SPIREES,17:31,1784043060000,AUTOSTART,2725,6,LAMENTIN,H,5,P. HOUEL,G. HOUEL,PA,2725,0,41305.0,7a5a7a3a2aDa5a1aDa3a,,,0.3017433452298041,0,0,0
2026-07-14,5,3,CABOURG,PRIX DES SPIREES,17:31,1784043060000,AUTOSTART,2725,7,LORD OF THE RINGS,M,5,A. ABRIVARD,Sté. Ent. Fabrice SOULOY,FERRE,2725,0,40450.0,1a7aDa1a(25)1a5a1a1aDa,,,0.5696698304829794,0,0,0
2026-07-14,5,3,CABOURG,PRIX DES SPIREES,17:31,1784043060000,AUTOSTART,2725,8,LOVELY PIYA,M,5,G. GELORMINI,A. DE VAUGIRAUD,D4,2725,0,30975.0,Da1a1a(25)Dm0aDa1a2aDa,,,0.4720978247422027,0,0,0
2026-07-14,5,3,CABOURG,PRIX DES SPIREES,17:31,1784043060000,AUTOSTART,2725,9,L'AS DE PIQUE,H,5,D. PUNIERE,D. PUNIERE,D4,2725,0,17585.0,DaDa8a0a9a(25)7a9a9a0a,,,0.04920453121631319,0,0,0
2026-07-14,5,3,CABOURG,PRIX DES SPIREES,17:31,1784043060000,AUTOSTART,2725,10,LE CLASSIC,H,5,H. MONTHULE,S. GUARATO,D4,2725,0,33340.0,2aDaDa4aDa(25)6aDa5a6a,,,0.22935572172741506,0,0,0
2026-07-14,5,3,CABOURG,PRIX DES SPIREES,17:31,1784043060000,AUTOSTART,2725,11,LUCKY DELADOU,H,5,F. NIVARD,A. HENARD,D4,2725,0,31400.0,Da9aDa5aDa0a(25)2aDa5a,,,0.18450055595016926,0,0,0
2026-07-14,5,4,CABOURG,PRIX DES MYOSOTIS,18:05,1784045100000,VOLTE,2750,1,KARINE DU DOLLAR,F,6,A. LAY POTTIER,L. JUBLOT,D4,2750,0,64115.0,Dm6mDm0a6m5mDm6m4m(25),,,0.09763329917200352,0,0,0
2026-07-14,5,4,CABOURG,PRIX DES MYOSOTIS,18:05,1784045100000,VOLTE,2750,2,KANARDO FOR CLARA,H,6,J. FERRON,CH. MOTTIER,PA_DP,2750,0,69495.0,1m2mDmDm4mDmDm(25)Dm2m,,,0.3173310992414777,0,0,0
2026-07-14,5,4,CABOURG,PRIX DES MYOSOTIS,18:05,1784045100000,VOLTE,2750,3,KOPRIORO,H,6,Mme CLEA ROGER,D. LOCQUENEUX,D4,2750,0,78065.0,5m7m5m1mDm2m1m1m(25)4m,,,0.2446087152477501,0,0,0
2026-07-14,5,4,CABOURG,PRIX DES MYOSOTIS,18:05,1784045100000,VOLTE,2750,4,KENJI D'AUBERVILLE,H,6,F. POISSON,N. PERRELLE,D4,2750,0,79185.0,2m4m6m5mDm5m4mDm(25)1m,,,0.17120539973766988,0,0,0
2026-07-14,5,4,CABOURG,PRIX DES MYOSOTIS,18:05,1784045100000,VOLTE,2750,5,KRACKSMAN,M,6,Mme R. HAGHIGHAT,CH. CUILLER,D4,2750,0,81060.0,Dm5m9m7m6m0a(25)0m4aDm,,,0.2098705267604827,0,0,0
2026-07-14,5,4,CABOURG,PRIX DES MYOSOTIS,18:05,1784045100000,VOLTE,2750,6,KASTA DU RIB,F,6,Mlle L.A. LECOQ,JOEL HALLAIS,PA_DP,2750,0,81795.0,9a8a8a0aDa0a9m(25)3m0a,,,0.16217384348690378,0,0,0
2026-07-14,5,4,CABOURG,PRIX DES MYOSOTIS,18:05,1784045100000,VOLTE,2750,7,JULIUS DU THEIL,H,7,Mlle H. GODEY,R. LAGADEUC,P4,2750,0,82735.0,4m4mDa8mDm6mDmDm(25)Dm,,,0.22420944051992286,0,0,0
2026-07-14,5,4,CABOURG,PRIX DES MYOSOTIS,18:05,1784045100000,VOLTE,2750,8,IVOLI ZEUS,H,8,Mme N. LE BEC,E. NICOLAYSEN,D4,2750,0,83055.0,6m6a8m0a0a(25)6m8a8aDm,,,0.05174226299323176,0,0,0
2026-07-14,5,4,CABOURG,PRIX DES MYOSOTIS,18:05,1784045100000,VOLTE,2750,9,KIDY D'EPONA,F,6,Mlle A. POULAIN,L. BARASSIN,D4,2750,0,83055.0,(25)4m2m8a3m0a1a(24)DaDm,,,0.15116654710117705,0,0,0
2026-07-14,5,4,CABOURG,PRIX DES MYOSOTIS,18:05,1784045100000,VOLTE,2750,10,JIBRIL SNOB,H,7,P. MAUGENDRE-LE MEUR,Ch. DREUX,PA_DP,2750,0,85420.0,1m1m3a4aDa(25)7a2a1aDm,,,0.5364976698333296,0,0,0
2026-07-14,5,4,CABOURG,PRIX DES MYOSOTIS,18:05,1784045100000,VOLTE,2750,11,JAYZI DU BOURG,H,7,Mme M.K. DUVAL,B. MARIE,D4,2750,0,86300.0,5mDmDa8m1a4aDm5a5a7a,,,0.11086421927921376,0,0,0
2026-07-14,5,4,CABOURG,PRIX DES MYOSOTIS,18:05,1784045100000,VOLTE,2750,12,ILIE DE TOUCHYVON,F,8,Mlle AURIANE MEUNIER,F. WALLIN,D4,2750,0,87940.0,9m1m(25)8m2mDm0m1m(24)Da,,,0.1955855205468803,1,0,0
2026-07-14,5,4,CABOURG,PRIX DES MYOSOTIS,18:05,1784045100000,VOLTE,2750,13,JAKA DU RUEL,F,7,Mlle M. JOLY,A.G. MAILLARD,D4,2750,0,88975.0,7a1m1m4m5a3a2m3m(25)7a,,,0.28544822138618026,0,0,0
2026-07-14,5,4,CABOURG,PRIX DES MYOSOTIS,18:05,1784045100000,VOLTE,2750,14,KANELLE D'OUVILLE,F,6,R. VILAULT,G. HOUEL,D4,2750,0,89240.0,4a1a1a3aDa4a0a(25)2a9a,,,0.3078528471902045,0,0,0
2026-07-14,5,4,CABOURG,PRIX DES MYOSOTIS,18:05,1784045100000,VOLTE,2750,15,JAGERSRO,H,7,M. POTIER,F. TERRY,PA_DP,2750,0,90690.0,1m3mDm7mDmDaDa7m(25)5m,,,0.26384659960114293,0,0,0
2026-07-14,5,4,CABOURG,PRIX DES MYOSOTIS,18:05,1784045100000,VOLTE,2750,16,JOKER DES ISLES,H,7,Mlle E. LACOMBLEZ,S. BOURLIER,D4,2750,0,90990.0,1m4m4m7a8mDm0a(25)7m7m,,,0.24477308561633304,0,0,0
2026-07-14,5,5,CABOURG,PRIX DES BOUTONS D'OR,18:47,1784047620000,AUTOSTART,2050,1,MAMBO DU MIREL,H,4,Y. LEBOURGEOIS,V. RENAULT,D4,2050,0,26935.0,3a5a4a2a0a2a6a(25)1a2a,,,0.5444273323567729,0,0,0
2026-07-14,5,5,CABOURG,PRIX DES BOUTONS D'OR,18:47,1784047620000,AUTOSTART,2050,2,MAESTRO BILOU,H,4,G. DELACOUR,G. DELACOUR,FERRE,2050,0,25245.0,Da6a3a7aDaDa5a8a(25)0a,,,0.14672904907670214,0,0,0
2026-07-14,5,5,CABOURG,PRIX DES BOUTONS D'OR,18:47,1784047620000,AUTOSTART,2050,3,MAGIC D'ESPACE,H,4,G. GELORMINI,S. GUARATO,D4,2050,0,25655.0,6a7a1a1a2a9a(25)7a1a4a,,,0.5015896616309775,1,0,0
2026-07-14,5,5,CABOURG,PRIX DES BOUTONS D'OR,18:47,1784047620000,AUTOSTART,2050,4,MILLE SOUS GEKA,H,4,F. LAGADEUC,A. BLOYET,P4,2050,0,24610.0,6a0a3a3aDa9a(25)2a1aDm,,,0.3968174739019044,0,0,0
2026-07-14,5,5,CABOURG,PRIX DES BOUTONS D'OR,18:47,1784047620000,AUTOSTART,2050,5,MOZART LA LONDE,H,4,M. GILARD,M. GILARD,FERRE,2050,0,25700.0,5a5a6aDa2a6a4a(25)3a6a,,,0.33728987460908333,0,0,0
2026-07-14,5,5,CABOURG,PRIX DES BOUTONS D'OR,18:47,1784047620000,AUTOSTART,2050,6,MYAGO CAYENNAIS,M,4,N. BAZIRE,N. BAZIRE,DP,2050,0,23420.0,1a3a(25)6aDa4aDa4aDa2a,,,0.4497657681164657,0,0,0
2026-07-14,5,5,CABOURG,PRIX DES BOUTONS D'OR,18:47,1784047620000,AUTOSTART,2050,7,MIRAGE DU CAIEU,H,4,F. NIVARD,C. JEAN,D4,2050,0,24530.0,1a1a0aDa(25)Da1a7a3a,,,0.49074489735230903,0,0,0
2026-07-14,5,5,CABOURG,PRIX DES BOUTONS D'OR,18:47,1784047620000,AUTOSTART,2050,8,MAYWEATHER,M,4,A. COLLETTE,T. MALMQVIST,DP,2050,0,10075.0,Da4a4a4a1a,,,0.3915682937332558,0,0,0
2026-07-14,5,5,CABOURG,PRIX DES BOUTONS D'OR,18:47,1784047620000,AUTOSTART,2050,9,MIRADOR,M,4,JULIEN RAFFESTIN,Julien RAFFESTIN,D4,2050,0,20085.0,2a1a9a(25)1aDaDa4a4a6a,,,0.3259491976129321,0,0,0
2026-07-14,5,5,CABOURG,PRIX DES BOUTONS D'OR,18:47,1784047620000,AUTOSTART,2050,10,MYTHE D'ERABLE,M,4,D. THOMAIN,CL. THOMAIN,DP,2050,0,22755.0,Da2a7a(25)7a2aDa4a5a1a,,,0.30467783145957944,0,0,0
2026-07-14,5,6,CABOURG,PRIX DES ARGOUSIERS,19:21,1784049660000,VOLTE,2750,1,MILORD DES ARRIS,H,4,A. REBECHE,V. LEBARQUE,PA,2750,0,20900.0,0a6m1mDm4m4mDm(25)2mDa,,,0.16801104733888006,0,0,0
2026-07-14,5,6,CABOURG,PRIX DES ARGOUSIERS,19:21,1784049660000,VOLTE,2750,2,MILLENIUM JIEL,H,4,M. LELIEVRE,J.L. DERSOIR,D4,2750,0,26325.0,1m1mDmDm(25)DmDm1mDa,,,0.32232897787005105,1,0,0
2026-07-14,5,6,CABOURG,PRIX DES ARGOUSIERS,19:21,1784049660000,VOLTE,2750,3,MARBELLA CHAFS,F,4,CL. FRECELLE,J.J. BAILLON,DA,2750,0,30715.0,Dm9m(25)Dm6m1m4mDm7a4m,,,0.20644384733218765,0,0,0
2026-07-14,5,6,CABOURG,PRIX DES ARGOUSIERS,19:21,1784049660000,VOLTE,2750,4,MIRADOR PLANCHETTE,H,4,E. DE JESUS,A. DE JESUS,D4,2750,0,30890.0,DaDa1a9a(25)9a9a0a1aDa,,,0.2566708369347334,0,0,0
2026-07-14,5,6,CABOURG,PRIX DES ARGOUSIERS,19:21,1784049660000,VOLTE,2750,5,MISS SPEED,F,4,A. COLLETTE,J.PH. MONCLIN,DP,2750,0,32690.0,3m1mDmDm3m3m(25)0m4m1m,,,0.42790306391551053,0,0,0
2026-07-14,5,6,CABOURG,PRIX DES ARGOUSIERS,19:21,1784049660000,VOLTE,2750,6,MISTRAL DU PORET,M,4,CHRISTOPHER CORBINEAU,E.G. BLOT,PA_DP,2750,0,32800.0,Da3a6m2m5a6a8a(25)1m5a,,,0.32232897787005105,0,0,0
2026-07-14,5,6,CABOURG,PRIX DES ARGOUSIERS,19:21,1784049660000,VOLTE,2750,7,MARION D'HAFLING,F,4,M. MOTTIER,A. MARION,D4,2750,0,33140.0,DmDm0a(25)4mDm2m1m0aDm,,,0.388939919709707,1,0,0
2026-07-14,5,6,CABOURG,PRIX DES ARGOUSIERS,19:21,1784049660000,VOLTE,2750,8,MARECHAL TURGOT,H,4,S.E. PASQUIER,F. TERRY,D4,2750,0,33250.0,3m9m1m1m2m(25)4m5m,,,0.45838344514367085,0,0,0
2026-07-14,5,6,CABOURG,PRIX DES ARGOUSIERS,19:21,1784049660000,VOLTE,2750,9,MONTGENEVE,H,4,F. LAGADEUC,B. GUILLOT,D4,2750,0,36115.0,9m6m5m9a2m4m2m(25)7m0a,,,0.32591517343157583,0,0,0
2026-07-14,5,6,CABOURG,PRIX DES ARGOUSIERS,19:21,1784049660000,VOLTE,2750,10,MELODY LUDOISE,F,4,Mlle E. LACOMBLEZ,S. BOURLIER,D4,2750,0,37660.0,1m1m3m2m(25)6m1m2aDa9a,,,0.4662683597066229,0,0,0
2026-07-14,5,6,CABOURG,PRIX DES ARGOUSIERS,19:21,1784049660000,VOLTE,2750,11,MONSTER SPEED,H,4,A. ABRIVARD,J.PH. MONCLIN,PA,2750,0,37745.0,4m9mDmDm(25)8m4mDm1m2m,,,0.44773977442509705,0,0,0
2026-07-14,5,6,CABOURG,PRIX DES ARGOUSIERS,19:21,1784049660000,VOLTE,2750,12,MY AMERICA,F,4,J.Y. RICART,J.PH. RAFFEGEAU,PA_DP,2750,0,37930.0,0a5m3mDm(25)0m0a5m8aDm,,,0.3535142542649678,0,0,0
2026-07-14,5,7,CABOURG,PRIX DES BLEUETS,19:53,1784051580000,VOLTE,2750,1,NIGHT LOCO,F,3,J.F. MOQUET,A.P. SCHMITT,FERRE,2750,0,0.0,Da,,,0.022754290108880786,0,0,0
2026-07-14,5,7,CABOURG,PRIX DES BLEUETS,19:53,1784051580000,VOLTE,2750,2,NINA GALAA,F,3,D. THOMAIN,PH. ALLAIRE,P4,2750,0,0.0,8aDa,,,0.35058887818315876,0,0,0
2026-07-14,5,7,CABOURG,PRIX DES BLEUETS,19:53,1784051580000,VOLTE,2750,3,NAGA JOLOKIA,F,3,F. LE BRUN,PH. ALLAIRE,PP,2750,0,5150.0,4aDa2a,,,0.2849213427920921,0,0,0
2026-07-14,5,7,CABOURG,PRIX DES BLEUETS,19:53,1784051580000,VOLTE,2750,4,NEPTUNE D'AVE,F,3,V. TESTARD,J. DUBOIS,FERRE,2750,0,5625.0,Da1a,,,0.1933099358306458,0,0,0
2026-07-14,5,7,CABOURG,PRIX DES BLEUETS,19:53,1784051580000,VOLTE,2750,5,NOVENA D'OURVILLE,F,3,J. RUAULTS,PH. ALLAIRE,PP,2750,0,7140.0,6aDaDa1aDa,,,0.3784890023593734,0,0,0
2026-07-14,5,7,CABOURG,PRIX DES BLEUETS,19:53,1784051580000,VOLTE,2750,6,NOUVELLE HISTOIRE,F,3,A. REBECHE,V. LEBARQUE,PA,2750,0,7245.0,0a7a3a8a1a,,,0.22527481796490068,0,0,0
2026-07-14,5,7,CABOURG,PRIX DES BLEUETS,19:53,1784051580000,VOLTE,2750,7,NARISSA DE LOU,F,3,A. ABRIVARD,L.CL. ABRIVARD,P4,2750,0,8075.0,3a1a,,,0.5098487915545173,0,0,0
2026-07-14,5,7,CABOURG,PRIX DES BLEUETS,19:53,1784051580000,VOLTE,2750,8,NO ONE DE SOUVELLE,F,3,Y. LEBOURGEOIS,J.M. MARIE,P4,2750,0,8270.0,Da2aDa7aDa3aDa3aDa6a,,,0.2974552922247679,0,0,0
2026-07-14,5,7,CABOURG,PRIX DES BLEUETS,19:53,1784051580000,VOLTE,2750,9,NICE HEIDY SANTA,F,3,A. MARION,A. MARION,FERRE,2750,0,8925.0,1aDaDaDa7a,,,0.22077481904043503,0,0,0
2026-07-14,5,7,CABOURG,PRIX DES BLEUETS,19:53,1784051580000,VOLTE,2750,10,NOTRE SEVEN,F,3,R. CONGARD,N. BAZIRE,P4,2750,0,9245.0,2a0a4a2a7a,,,0.3257716432446117,0,0,0
2026-07-14,5,7,CABOURG,PRIX DES BLEUETS,19:53,1784051580000,VOLTE,2750,11,NEPTUNE MADRIK,F,3,F. LAGADEUC,S. ROUSSELLE,PA,2750,0,9450.0,5a1a2aDa,,,0.3951278488819347,0,0,0
2026-07-14,5,7,CABOURG,PRIX DES BLEUETS,19:53,1784051580000,VOLTE,2750,12,NEPTUNA,F,3,THEO DUVALDESTIN,TH. DUVALDESTIN,P4,2750,0,10000.0,2a1a,,,0.6298603897484494,0,0,0
2026-07-14,5,7,CABOURG,PRIX DES BLEUETS,19:53,1784051580000,VOLTE,2750,13,NUIT DE STAR,F,3,A. COLLETTE,Y. DOCQUIN,FERRE,2750,0,10380.0,3aDa(25)8a6a2a4a4a,,,0.299924053785179,0,0,0
2026-07-14,5,7,CABOURG,PRIX DES BLEUETS,19:53,1784051580000,VOLTE,2750,14,NOBLIA,F,3,M. MOTTIER,M. MOTTIER,PA,2750,0,10500.0,1a5a9aDa,,,0.5199478969356868,0,0,0
2026-07-14,5,8,CABOURG,PRIX JEAN-PAUL POTTIER,20:32,1784053920000,AUTOSTART,2050,1,KOSAK DU FER,H,6,J. ROUX,CH. PETREMENT,DP,2050,0,64050.0,DaDaDaDa1a3a1aDa0a5a,,,0.1771327726875852,0,0,0
2026-07-14,5,8,CABOURG,PRIX JEAN-PAUL POTTIER,20:32,1784053920000,AUTOSTART,2050,2,JOKER DARLING,H,7,J.PH. BAZIRE,J.PH. BAZIRE,D4,2050,0,63756.0,6a1a4a1a7a(25)5m2a7a1a,,,0.2946786175543406,0,0,0
2026-07-14,5,8,CABOURG,PRIX JEAN-PAUL POTTIER,20:32,1784053920000,AUTOSTART,2050,3,KOMINA,F,6,S. DERSOIR,Anthony DOLLION,DA,2050,0,63130.0,9a7a8a5a8a3a(25)4a7a4a,,,0.24478619776678334,0,0,0
2026-07-14,5,8,CABOURG,PRIX JEAN-PAUL POTTIER,20:32,1784053920000,AUTOSTART,2050,4,KILLER ANGOT,H,6,J. CANDON,J.M. GUILLOTTE,D4,2050,0,60020.0,7a0a4a7mDaDa5a9m7a5a,,,0.2060417991641763,0,0,0
2026-07-14,5,8,CABOURG,PRIX JEAN-PAUL POTTIER,20:32,1784053920000,AUTOSTART,2050,5,HAROLD BUROIS,H,9,MAXIME HAMELIN,P. DESSARTRE,DP,2050,0,59885.0,Da7aDa9a3a0a7a(25)8a(23),,,0.16931495076157257,0,0,0
2026-07-14,5,8,CABOURG,PRIX JEAN-PAUL POTTIER,20:32,1784053920000,AUTOSTART,2050,6,KALISTO DU BOURDON,H,6,Mlle A. HALLAIS,J. DUCLOS,P4,2050,0,63270.0,4a8aDa8a5a9aDa(25)4a8a,,,0.3555261484410012,0,0,0
2026-07-14,5,8,CABOURG,PRIX JEAN-PAUL POTTIER,20:32,1784053920000,AUTOSTART,2050,7,IROISE DES BAULTS,F,8,A. LAIR,J.L. CARPON,DA,2050,0,59290.0,5a6a0a1a6a7a6aDa3a(25),,,0.1159270571926872,0,0,0
2026-07-14,5,8,CABOURG,PRIX JEAN-PAUL POTTIER,20:32,1784053920000,AUTOSTART,2050,8,KALOU D'IROISE,H,6,Mlle MAUD GOETZ,St. PROVOOST,DA,2050,0,37110.0,DaDa0a(25)DaDaDaDaDaDa,,,0.07565852212276127,0,0,0
2026-07-14,5,8,CABOURG,PRIX JEAN-PAUL POTTIER,20:32,1784053920000,AUTOSTART,2050,9,JOUJO DES CINTY,H,7,B. MADELINE,F. ANDRIEU,P4,2050,0,46700.0,7a0a8a7a7aDa(25)Da2a6a,,,0.082423800034034,0,0,0
2026-07-14,5,8,CABOURG,PRIX JEAN-PAUL POTTIER,20:32,1784053920000,AUTOSTART,2050,10,KOOL DU VALVIC,H,6,L. HEUZE,St. PROVOOST,DA,2050,0,42230.0,7a9a5a0aDa9a9a(25)8a1a,,,0.0331547042978158,0,0,0
2026-07-14,5,8,CABOURG,PRIX JEAN-PAUL POTTIER,20:32,1784053920000,AUTOSTART,2050,11,KASTILLE,F,6,Mme S. RINGLER,F. TABESSE,FERRE,2050,0,34060.0,Da9a(25)Dm4aDm3aDm(24)8m,,,0.02924275759616976,0,0,0
2026-07-14,5,8,CABOURG,PRIX JEAN-PAUL POTTIER,20:32,1784053920000,AUTOSTART,2050,12,KURIELE LEBEL,F,6,Mlle E. GOETZ,L. GABORIT,D4,2050,0,36055.0,8a0a4a4a4a(25)0a1a5a7a,,,0.07954785138807986,0,0,0
2026-07-14,5,8,CABOURG,PRIX JEAN-PAUL POTTIER,20:32,1784053920000,AUTOSTART,2050,13,KISSES DES ROMAINS,F,6,M. BOUREE,M. BOUREE,FERRE,2050,0,13135.0,0a0a(25)0a0a6a4a6a0a0a,,,0.016437344940560927,0,0,0
2026-07-14,5,8,CABOURG,PRIX JEAN-PAUL POTTIER,20:32,1784053920000,AUTOSTART,2050,14,KIARA DU SAPTEL,F,6,P.Y. GOUIN,M. VARIN,D4,2050,0,57960.0,DaDa7a0a(25)0a7a1a2a7a,,,0.0735764394163656,0,0,0
2026-07-14,6,7,JULLIANGES,GD PRIX DE JULLIANGES ET DE CRAPONNE/AR.,12:30,1784025000000,VOLTE,2425,1,JALIX DE NIOUX,H,7,B. THIENNE,L. LERENARD,D4,2425,0,46020.0,5a1aDaDa3aDa3a(25)Da2a,,,0.16021164921354636,0,0,0
2026-07-14,6,7,JULLIANGES,GD PRIX DE JULLIANGES ET DE CRAPONNE/AR.,12:30,1784025000000,VOLTE,2425,2,JALISCA SCOTT,F,7,S. NOILLY,O. MERLE,DA,2425,0,49075.0,4a3a6aDa4a3a0a5a8a6a,,,0.059136969663024695,0,0,0
2026-07-14,6,7,JULLIANGES,GD PRIX DE JULLIANGES ET DE CRAPONNE/AR.,12:30,1784025000000,VOLTE,2425,3,JESSIE RITAL,F,7,M. WEISS,A. BONNEFOY,FERRE,2425,0,50270.0,Da2a2aDaDa4a(25)DaDa9a,,,0.0746743513029007,0,0,0
2026-07-14,6,7,JULLIANGES,GD PRIX DE JULLIANGES ET DE CRAPONNE/AR.,12:30,1784025000000,VOLTE,2425,4,JAMY DE SAMPANGES,H,7,Mme T. MATHIAS-MAISONNETTE,L. LERENARD,FERRE,2425,0,52480.0,3a4aDa5a3a0a0a(25)Da2a,,,0.14833173178403825,0,0,0
2026-07-14,6,7,JULLIANGES,GD PRIX DE JULLIANGES ET DE CRAPONNE/AR.,12:30,1784025000000,VOLTE,2425,5,JAMBEROO,H,7,F. BROUST,PH. JEANNERET,D4,2425,0,58340.0,7a3aDaDa4a4a9a5a0a7a,,,0.21402792730409526,0,0,0
2026-07-14,6,7,JULLIANGES,GD PRIX DE JULLIANGES ET DE CRAPONNE/AR.,12:30,1784025000000,VOLTE,2425,6,JULIANA DU LOISIR,F,7,MARTIN CORMY,Mme N. DESPRES,FERRE,2425,0,60515.0,6a9a4aDa4aDa4a0a6m0a,,,0.059998394023195956,0,0,0
2026-07-14,6,7,JULLIANGES,GD PRIX DE JULLIANGES ET DE CRAPONNE/AR.,12:30,1784025000000,VOLTE,2425,7,JOHN RIVER,H,7,F.J. PELTIER,Y. LE BRIS,P4,2425,0,62225.0,0aDaDa1aDaDa(25)0a8aDa,,,0.13871897149417997,0,0,0
2026-07-14,6,7,JULLIANGES,GD PRIX DE JULLIANGES ET DE CRAPONNE/AR.,12:30,1784025000000,VOLTE,2425,8,JO DE L'ETANG,H,7,D. MARASCO,D. MARASCO,PA_DP,2425,0,62605.0,9a6a0a0a3a6aDa3a0a0a,,,0.1239538717150146,0,0,0
2026-07-14,6,7,JULLIANGES,GD PRIX DE JULLIANGES ET DE CRAPONNE/AR.,12:30,1784025000000,VOLTE,2425,9,INDEX D'YVEL,H,8,C. TRIBOLET,A. BONNEFOY,FERRE,2450,25,79610.0,7a4a(25)0a4a8a0a4a4a1a,,,0.06007379039122357,0,0,0
2026-07-14,6,7,JULLIANGES,GD PRIX DE JULLIANGES ET DE CRAPONNE/AR.,12:30,1784025000000,VOLTE,2425,10,JIMI'S BLUES,M,7,P. CALLIER,Bastien CLAIRET,D4,2450,25,92585.0,3aDm2a2a0a7a(25)Da6a9a,,,0.32106580162236337,0,0,0
2026-07-14,6,7,JULLIANGES,GD PRIX DE JULLIANGES ET DE CRAPONNE/AR.,12:30,1784025000000,VOLTE,2425,11,ILOVIROIZ DI LEONE,F,8,L. VERRIERE,Joris FILOGRASSO,D4,2450,25,108760.0,Da9a5a5a4a7mDa(24)0a7m,,,0.14758506472202093,0,0,0
2026-07-14,6,7,JULLIANGES,GD PRIX DE JULLIANGES ET DE CRAPONNE/AR.,12:30,1784025000000,VOLTE,2425,12,ITEM DE MONTCIANT,H,8,B. RUET,B. RUET,PA,2450,25,110875.0,8a3a0a4a5a4a0a5a(25)0a,,,0.13073843626558626,0,0,0
2026-07-14,6,7,JULLIANGES,GD PRIX DE JULLIANGES ET DE CRAPONNE/AR.,12:30,1784025000000,VOLTE,2425,13,IDYLLE EVER,F,8,Q. CHAUVE-LAFFAY,E. BOUYER,D4,2450,25,117135.0,1a9a0a3a8a6a8a2a2a(25),,,0.23017249597713607,0,0,0
2026-07-14,6,7,JULLIANGES,GD PRIX DE JULLIANGES ET DE CRAPONNE/AR.,12:30,1784025000000,VOLTE,2425,14,HADES JULRY,H,9,L. LAMAZIERE,J.P. GAUVIN,FERRE,2450,25,122700.0,0a0a(25)8a8a0mDa5a2a9a,,,0.037883630634589535,0,0,0
2026-07-14,6,7,JULLIANGES,GD PRIX DE JULLIANGES ET DE CRAPONNE/AR.,12:30,1784025000000,VOLTE,2425,15,IGLIANO DES IRIS,H,8,ALEXIS LERENARD,L. LERENARD,PA,2450,25,123540.0,2a2aDaDa2a1a(25)5aDa5a,,,0.3679659601989802,0,0,0
2026-07-14,6,7,JULLIANGES,GD PRIX DE JULLIANGES ET DE CRAPONNE/AR.,12:30,1784025000000,VOLTE,2425,16,HERMES SCOTT,H,9,PH. DANTHU,O. MERLE,DA,2450,25,124950.0,0a0a8a0a9a7aDaDa0a(25),,,0.024577998315567718,0,0,0
2026-07-14,7,7,CARPENTRAS,PRIX ROLAND JAFFRELOT,20:30,1784053800000,VOLTE,2650,1,JANOT DE TOUCHYVON,M,7,ST. CORBIN,G. TOURON,D4,2650,0,60375.0,5a1a5a8a2a3a6a7a3a5a,,,0.17346419446389746,0,0,0
2026-07-14,7,7,CARPENTRAS,PRIX ROLAND JAFFRELOT,20:30,1784053800000,VOLTE,2650,2,JUDYRA BOISSIERE,F,7,K. DEVIENNE,F. CARPENTIER,FERRE,2650,0,71595.0,6a7a3aDa0a2a8a(25)6a0a,,,0.11086421927921376,0,0,0
2026-07-14,7,7,CARPENTRAS,PRIX ROLAND JAFFRELOT,20:30,1784053800000,VOLTE,2650,3,JADE D'ALLIGNY,F,7,S. CINGLAND,F. CARPENTIER,D4,2650,0,75170.0,3aDa8a0a8a3a0a(25)Da4a,,,0.1518833330573092,0,0,0
2026-07-14,7,7,CARPENTRAS,PRIX ROLAND JAFFRELOT,20:30,1784053800000,VOLTE,2650,4,HAMBRIN D'ARANAU,H,9,J.CH. FERON,Y. HAMON,D4,2650,0,75370.0,1a9a6a1a6a0a(25)0a0aDa,,,0.29888141694664466,0,0,0
2026-07-14,7,7,CARPENTRAS,PRIX ROLAND JAFFRELOT,20:30,1784053800000,VOLTE,2650,5,JAXON DE BRY,H,7,D. BEKAERT,D. BEKAERT,D4,2650,0,75535.0,1a1a5aDa4a(25)2a2a1a7a,,,0.7058142915285773,0,0,0
2026-07-14,7,7,CARPENTRAS,PRIX ROLAND JAFFRELOT,20:30,1784053800000,VOLTE,2650,6,JOBERT DU MOULIN,H,7,R. BOUVIER,CHARLES BOUVIER,D4,2650,0,76645.0,1a3aDm2a5a(25)1a1aDa2a,,,0.39820130370128703,0,0,0
2026-07-14,7,7,CARPENTRAS,PRIX ROLAND JAFFRELOT,20:30,1784053800000,VOLTE,2650,7,KATIMINNIE BROUETS,F,6,TH. BRIAND,TH. BONNARDEL,D4,2650,0,76680.0,2m5a1a9a6a1a(25)8a0a9a,,,0.515678256590097,0,0,0
2026-07-14,7,7,CARPENTRAS,PRIX ROLAND JAFFRELOT,20:30,1784053800000,VOLTE,2650,8,HACH DES CAPELLES,H,9,S. STEFANO,G. TOURON,FERRE,2675,25,104380.0,8a9a8a8a0a8a8a0a(25)0a,,,0.0597025045526523,0,0,0
2026-07-14,7,7,CARPENTRAS,PRIX ROLAND JAFFRELOT,20:30,1784053800000,VOLTE,2650,9,IBERICO,H,8,K. THONNERIEUX,K. THONNERIEUX,D4,2675,25,113440.0,9a0a0a7a4a0a0a4a8a4a,,,0.18940220212958328,0,0,0
2026-07-14,7,7,CARPENTRAS,PRIX ROLAND JAFFRELOT,20:30,1784053800000,VOLTE,2650,10,ISAAC DE SYVA,H,8,N. MOUROT,A. TOMASELLI,D4,2675,25,131600.0,2m4m3a5a0a0a9a3a0a0a,,,0.23493994255410763,0,0,0
2026-07-14,7,7,CARPENTRAS,PRIX ROLAND JAFFRELOT,20:30,1784053800000,VOLTE,2650,11,IMUVRINI,H,8,F. TUGEND,R. MOURICE,D4,2675,25,142645.0,7a1a0a1a2a9aDa3a(25)1a,,,0.22568098680027684,0,0,0
2026-07-14,7,7,CARPENTRAS,PRIX ROLAND JAFFRELOT,20:30,1784053800000,VOLTE,2650,13,JEFF DE MONPAZ,H,7,L. LALANDE,L. LALANDE,D4,2675,25,150225.0,2a1a1aDaDa1aDa(25)4a6a,,,0.5141184319001071,0,0,0
2026-07-14,7,7,CARPENTRAS,PRIX ROLAND JAFFRELOT,20:30,1784053800000,VOLTE,2650,14,HOUSTON PEJI,H,9,J.CH. SOREL,E. OHANESSIAN,DP,2675,25,154400.0,1a7a8a(25)Da9a5a8a2aDa,,,0.25622407249268636,0,0,0
